"RelativePath","FileName","DirectoryBucket","LastWriteTime","SizeBytes","StatusGuess"
".github\copilot-instructions.md","copilot-instructions.md","other","2026-01-02T00:59:29","10371","unclassified"
".github\copilot-instructions-governor.md","copilot-instructions-governor.md","other","2025-12-30T12:29:02","6803","unclassified"
"ACTIVATION_LOG.md","ACTIVATION_LOG.md","root","2026-03-19T22:25:08","2770","unclassified"
"ADMIN_COMPLETE_INVENTORY.md","ADMIN_COMPLETE_INVENTORY.md","root","2026-03-06T19:23:49","45352","claim"
"AFFILIATE_CERTIFICATION_RUNBOOK.md","AFFILIATE_CERTIFICATION_RUNBOOK.md","root","2026-02-24T00:40:15","4730","runbook"
"AGENTS.md","AGENTS.md","root","2026-03-07T15:24:16","1424","unclassified"
"AI_CAMERA_PLAN.md","AI_CAMERA_PLAN.md","root","2026-03-13T23:38:24","5010","plan"
"ARCHITECTURE_STATE.md","ARCHITECTURE_STATE.md","root","2026-03-19T22:04:39","1959","reference"
"BOT_ARMY_COMPLETE.md","BOT_ARMY_COMPLETE.md","root","2026-01-02T00:28:05","9869","claim"
"BOT_ARMY_INDEX.md","BOT_ARMY_INDEX.md","root","2026-01-02T00:28:05","10108","unclassified"
"BOT_ARMY_QUICK_START.md","BOT_ARMY_QUICK_START.md","root","2026-01-02T00:28:05","5666","runbook"
"BOT_COUNCIL_REPORT_CHARTER.md","BOT_COUNCIL_REPORT_CHARTER.md","root","2026-01-01T23:27:12","21574","audit"
"C2_4_ASYMMETRIC_VERIFICATION_VALIDATION.md","C2_4_ASYMMETRIC_VERIFICATION_VALIDATION.md","root","2026-01-01T03:18:27","10053","audit"
"C2_COMPLETION_REPORT.md","C2_COMPLETION_REPORT.md","root","2026-01-01T11:33:29","18519","audit"
"C2_VERIFICATION_GATE_REFACTORS.md","C2_VERIFICATION_GATE_REFACTORS.md","root","2026-01-01T03:16:37","13046","unclassified"
"CATEGORY_ROUTING_CHARTER.md","CATEGORY_ROUTING_CHARTER.md","root","2025-12-30T19:22:36","9265","reference"
"CHARCOAL_THEME_SETUP.md","CHARCOAL_THEME_SETUP.md","root","2025-12-24T22:39:33","8686","unclassified"
"CLAIM_FIRST_SIGNUP_COMPLETE.md","CLAIM_FIRST_SIGNUP_COMPLETE.md","root","2026-01-01T19:30:28","10575","claim"
"CLEANUP_COMPLETE.md","CLEANUP_COMPLETE.md","root","2025-12-25T18:28:33","3960","claim"
"client\MOBILE_BUILD.md","MOBILE_BUILD.md","other","2025-12-04T23:50:37","924","unclassified"
"COMMUNITY_AUTHORITY_INTEGRATION_COMPLETE.md","COMMUNITY_AUTHORITY_INTEGRATION_COMPLETE.md","root","2025-12-30T15:18:53","6175","claim"
"COMMUNITY_ENGINE_EXECUTION_CONTRACT.md","COMMUNITY_ENGINE_EXECUTION_CONTRACT.md","root","2026-03-08T16:48:04","6873","reference"
"components\README_LEGACY.md","README_LEGACY.md","other","2025-12-29T10:35:49","604","unclassified"
"CTA_TRUST_PROOF_APPROVAL_CARD.md","CTA_TRUST_PROOF_APPROVAL_CARD.md","root","2026-01-09T17:30:02","5143","unclassified"
"CUSTOM_DOMAIN_DNS_UX.md","CUSTOM_DOMAIN_DNS_UX.md","root","2026-01-05T21:01:57","7523","unclassified"
"CUSTOM_DOMAIN_EDGE_ROUTING.md","CUSTOM_DOMAIN_EDGE_ROUTING.md","root","2026-01-05T21:01:57","20155","unclassified"
"CUSTOM_DOMAIN_SCHEMA.md","CUSTOM_DOMAIN_SCHEMA.md","root","2026-01-05T21:01:57","11439","unclassified"
"CVS_TRUST_EXECUTION_CONTRACT.md","CVS_TRUST_EXECUTION_CONTRACT.md","root","2026-03-08T16:01:48","6682","reference"
"D1_ONBOARDING_DESIGN.md","D1_ONBOARDING_DESIGN.md","root","2026-01-01T11:35:43","16840","unclassified"
"D2_CLIENT_WIRING_COMPLETE.md","D2_CLIENT_WIRING_COMPLETE.md","root","2026-01-01T12:13:23","9126","claim"
"D2_SANITY_CHECKS.md","D2_SANITY_CHECKS.md","root","2026-01-01T11:39:26","9676","unclassified"
"D3_VALIDATION_REPORT.md","D3_VALIDATION_REPORT.md","root","2025-12-30T21:35:25","21324","audit"
"data\TradeScout Brain\00_CORE\specs\TRADESCOUT_FULL_SPECIFICATION.md","TRADESCOUT_FULL_SPECIFICATION.md","other","2025-08-23T13:46:54","6493","reference"
"data\TradeScout Brain\00_CORE\tradescout-for-dummies.md","tradescout-for-dummies.md","other","2025-12-26T21:52:21","4340","unclassified"
"data\TradeScout Brain\Community_Impact_and_Giveback.md","Community_Impact_and_Giveback.md","other","2025-12-08T12:18:55","7265","unclassified"
"data\TradeScout Brain\KNOWLEDGE_BASE_README.md","KNOWLEDGE_BASE_README.md","other","2025-12-09T01:21:14","3197","unclassified"
"DECISION_CARD_CONTACT_INTEGRATION.md","DECISION_CARD_CONTACT_INTEGRATION.md","root","2025-12-30T19:42:54","20234","unclassified"
"DIRECT_CONNECT_CHARTER.md","DIRECT_CONNECT_CHARTER.md","root","2026-03-08T15:32:44","5651","reference"
"DIRECT_CONNECT_EXECUTION_CONTRACT.md","DIRECT_CONNECT_EXECUTION_CONTRACT.md","root","2026-03-08T15:43:52","9079","reference"
"DIRECT_CONNECT_REQUEST_MODEL.md","DIRECT_CONNECT_REQUEST_MODEL.md","root","2025-12-28T18:02:55","8013","unclassified"
"DIRECT_CONNECT_STATE_VOCABULARY.md","DIRECT_CONNECT_STATE_VOCABULARY.md","root","2025-12-28T17:05:10","6446","reference"
"DIRECT_CONNECT_VISION.md","DIRECT_CONNECT_VISION.md","root","2025-12-28T18:02:55","6092","unclassified"
"docs\ACCEPTANCE_TESTS.md","ACCEPTANCE_TESTS.md","other","2026-02-16T00:10:48","1965","unclassified"
"docs\ADAPTERS_ESCAMBIA_TANGIPAHOA.md","ADAPTERS_ESCAMBIA_TANGIPAHOA.md","other","2026-02-18T16:49:01","1844","unclassified"
"docs\AI_ROUTING_CONTRACT.md","AI_ROUTING_CONTRACT.md","other","2026-01-02T00:57:22","777","reference"
"docs\ARCHITECTURE.md","ARCHITECTURE.md","other","2025-12-27T22:30:00","2102","reference"
"docs\ARCHITECTURE_MAP.md","ARCHITECTURE_MAP.md","other","2026-02-17T18:42:11","4731","reference"
"docs\BEHAVIORAL_CENTER.md","BEHAVIORAL_CENTER.md","other","2026-02-17T18:49:52","18019","unclassified"
"docs\CODEX_SECURITY_HARDENING_EXECUTION_CHECKLIST.md","CODEX_SECURITY_HARDENING_EXECUTION_CHECKLIST.md","other","2026-03-09T01:39:03","9442","runbook"
"docs\CONFIG_AND_DEPLOYMENT.md","CONFIG_AND_DEPLOYMENT.md","other","2026-03-04T18:09:35","4182","unclassified"
"docs\CONTINUE_PLAN.md","CONTINUE_PLAN.md","other","2026-03-01T20:50:00","2471","plan"
"docs\CREDENTIAL_ROTATION_RENDER.md","CREDENTIAL_ROTATION_RENDER.md","other","2026-02-09T15:44:51","1569","unclassified"
"docs\DATA_MODEL.md","DATA_MODEL.md","other","2026-02-22T14:01:08","6073","unclassified"
"docs\decision-card-backfill.md","decision-card-backfill.md","other","2026-02-09T19:44:27","628","unclassified"
"docs\GAPS_AND_RISKS.md","GAPS_AND_RISKS.md","other","2026-02-17T18:42:12","3137","unclassified"
"docs\help-reclassification-map.md","help-reclassification-map.md","other","2025-12-29T15:25:01","1293","unclassified"
"docs\homescout-ops.md","homescout-ops.md","other","2026-03-07T20:07:56","1551","unclassified"
"docs\IMPROVEMENT_PLAN.md","IMPROVEMENT_PLAN.md","other","2026-02-17T18:42:12","4646","plan"
"docs\INTERACTION_CONTRACT.md","INTERACTION_CONTRACT.md","other","2026-03-07T15:23:33","3395","reference"
"docs\landing-campaign-playbook.md","landing-campaign-playbook.md","other","2026-02-20T09:28:37","1683","unclassified"
"docs\legacy-decisions\ADMIN_INTELLIGENCE_README.md","ADMIN_INTELLIGENCE_README.md","other","2025-12-27T22:30:00","1050","unclassified"
"docs\legacy-decisions\AI_CACHE_SYSTEM_COMPLETE.md","AI_CACHE_SYSTEM_COMPLETE.md","other","2025-12-27T22:30:00","7867","claim"
"docs\legacy-decisions\AI_EXPANSION_README.md","AI_EXPANSION_README.md","other","2025-12-27T22:30:00","1377","unclassified"
"docs\LISA_INTEGRATION_BOUNDARY.md","LISA_INTEGRATION_BOUNDARY.md","other","2026-03-12T20:45:44","2219","unclassified"
"docs\LISA_PRODUCT_DEFINITION.md","LISA_PRODUCT_DEFINITION.md","other","2026-03-12T20:45:35","5372","unclassified"
"docs\MAPS_V1.md","MAPS_V1.md","other","2026-02-16T00:01:51","2107","unclassified"
"docs\MARKET_SIGNALS_POLICY.md","MARKET_SIGNALS_POLICY.md","other","2026-03-12T20:00:35","6501","unclassified"
"docs\migration-notes-2026-02-27-community-causes-admin-provision.md","migration-notes-2026-02-27-community-causes-admin-provision.md","other","2026-03-06T19:23:49","911","unclassified"
"docs\MODULAR_GTM_HOA_SYSTEM_BLUEPRINT.md","MODULAR_GTM_HOA_SYSTEM_BLUEPRINT.md","other","2026-03-06T19:23:49","8974","unclassified"
"docs\MONA_LISA_MASTER_EXECUTION_PLAN.md","MONA_LISA_MASTER_EXECUTION_PLAN.md","other","2026-02-21T23:26:21","6076","plan"
"docs\OBJECTIVE_CANDIDATES.md","OBJECTIVE_CANDIDATES.md","other","2026-02-17T18:54:57","17269","unclassified"
"docs\OBJECTIVES_CODEX_EXECUTION.md","OBJECTIVES_CODEX_EXECUTION.md","other","2026-02-17T19:26:58","15465","unclassified"
"docs\OBJECTIVES_PHASE1_IMPLEMENTATION.md","OBJECTIVES_PHASE1_IMPLEMENTATION.md","other","2026-02-17T19:26:58","16313","unclassified"
"docs\OBJECTIVES_QUICK_START.md","OBJECTIVES_QUICK_START.md","other","2026-02-17T19:26:58","8971","runbook"
"docs\OBSERVATION_CONTRACT.md","OBSERVATION_CONTRACT.md","other","2026-02-18T16:48:51","1264","reference"
"docs\OBSERVATION_MODEL.md","OBSERVATION_MODEL.md","other","2026-02-18T15:29:15","1004","unclassified"
"docs\PRELOAD_AND_CLAIM.md","PRELOAD_AND_CLAIM.md","other","2026-02-16T00:07:33","2444","unclassified"
"docs\PROMOTIONS_TIER_UI_COPY.md","PROMOTIONS_TIER_UI_COPY.md","other","2026-01-02T14:47:51","1374","unclassified"
"docs\README.md","README.md","other","2026-02-27T12:26:54","437","unclassified"
"docs\README_FOR_OWNER.md","README_FOR_OWNER.md","other","2026-02-17T18:42:11","2319","unclassified"
"docs\REALIGNMENT_REPORT.md","REALIGNMENT_REPORT.md","other","2026-02-16T15:48:56","3974","audit"
"docs\release-gate-metrics.md","release-gate-metrics.md","other","2026-03-03T18:56:33","2173","unclassified"
"docs\scoring-dictionary.md","scoring-dictionary.md","other","2026-02-27T12:53:49","7821","unclassified"
"docs\SCOUT_CONTRACT.md","SCOUT_CONTRACT.md","other","2025-12-27T22:30:00","3312","reference"
"docs\SCOUT_GEMINI_RESILIENCE.md","SCOUT_GEMINI_RESILIENCE.md","other","2026-03-10T17:54:55","1920","unclassified"
"docs\SCOUT_MARKET_SIGNALS_API_V1.md","SCOUT_MARKET_SIGNALS_API_V1.md","other","2026-03-12T20:13:21","3973","unclassified"
"docs\scout-logic-audit.md","scout-logic-audit.md","other","2026-02-08T00:05:36","2357","audit"
"docs\security\credential-rotation-runbook.md","credential-rotation-runbook.md","other","2026-02-15T19:10:01","1469","runbook"
"docs\seo-sitewide-audit-2026-03-12.md","seo-sitewide-audit-2026-03-12.md","other","2026-03-12T18:41:28","2949","audit"
"docs\SURFACE_CONTRACT.md","SURFACE_CONTRACT.md","other","2025-12-27T22:30:00","3071","reference"
"docs\system-agents.md","system-agents.md","other","2026-01-02T00:28:05","1763","unclassified"
"docs\TRADESCOUT_SEO_ARCHITECTURE.md","TRADESCOUT_SEO_ARCHITECTURE.md","other","2026-03-05T00:10:49","5137","reference"
"docs\tradescout-everyday-guide.md","tradescout-everyday-guide.md","other","2025-12-29T15:23:56","1028","runbook"
"docs\trust-snapshots.md","trust-snapshots.md","other","2026-02-09T19:55:00","1086","unclassified"
"docs\USER_FLOWS.md","USER_FLOWS.md","other","2026-02-17T18:42:12","3204","unclassified"
"docs\VERIFICATION_BYPASS_POLICY.md","VERIFICATION_BYPASS_POLICY.md","other","2026-03-10T16:59:31","1935","unclassified"
"DOCTRINE.md","DOCTRINE.md","root","2026-03-19T22:04:29","1960","reference"
"enhancement_plan.md","enhancement_plan.md","root","2026-02-22T00:17:06","10186","plan"
"EXCHANGE_ENGINE_EXECUTION_CONTRACT.md","EXCHANGE_ENGINE_EXECUTION_CONTRACT.md","root","2026-03-08T17:11:31","8198","reference"
"FULL_ROLLOUT_MANIFEST.md","FULL_ROLLOUT_MANIFEST.md","root","2025-12-30T15:34:39","4951","unclassified"
"HOMESCOUT_ENGINE_EXECUTION_CONTRACT.md","HOMESCOUT_ENGINE_EXECUTION_CONTRACT.md","root","2026-03-08T17:19:12","8361","reference"
"IMPLEMENTATION_DEFAULTS.md","IMPLEMENTATION_DEFAULTS.md","root","2026-01-09T17:30:02","9422","unclassified"
"INSTITUTIONAL_INTELLIGENCE_COMPLETE.md","INSTITUTIONAL_INTELLIGENCE_COMPLETE.md","root","2025-12-30T12:42:11","16853","claim"
"legacy\README.md","README.md","other","2025-12-09T01:21:14","1544","unclassified"
"legacy\README_LEGACY.md","README_LEGACY.md","other","2025-12-29T10:35:49","514","unclassified"
"LISA EXPLANATION.md","LISA EXPLANATION.md","root","2026-03-12T22:11:44","4354","plan"
"LISA_BOT_CRAWL_INTEGRATION.md","LISA_BOT_CRAWL_INTEGRATION.md","root","2026-03-13T19:45:56","4421","unclassified"
"MAPS_ENGINE_EXECUTION_CONTRACT.md","MAPS_ENGINE_EXECUTION_CONTRACT.md","root","2026-03-08T17:26:42","6205","reference"
"MASTER_FEATURE_INDEX.md","MASTER_FEATURE_INDEX.md","root","2026-02-22T00:17:06","5373","unclassified"
"MASTER_PLAN.md","MASTER_PLAN.md","root","2026-02-13T00:50:22","9860","plan"
"MESSAGES_ENGINE_EXECUTION_CONTRACT.md","MESSAGES_ENGINE_EXECUTION_CONTRACT.md","root","2026-03-08T17:01:03","6493","reference"
"MESSAGING_AUTHORITY_CONTRACT.md","MESSAGING_AUTHORITY_CONTRACT.md","root","2025-12-30T19:36:18","14604","reference"
"MESSAGING_AUTHORITY_ENFORCEMENT.md","MESSAGING_AUTHORITY_ENFORCEMENT.md","root","2025-12-30T19:40:00","10120","unclassified"
"MESSAGING_AUTHORITY_SYSTEM_INDEX.md","MESSAGING_AUTHORITY_SYSTEM_INDEX.md","root","2025-12-30T19:47:46","15683","unclassified"
"MESSAGING_AUTHORITY_TEST_MATRIX.md","MESSAGING_AUTHORITY_TEST_MATRIX.md","root","2025-12-30T19:47:46","20876","unclassified"
"OUTCOME_DECISION_CHARTER.md","OUTCOME_DECISION_CHARTER.md","root","2025-12-28T17:16:37","10105","reference"
"PATCH_QUEUE.md","PATCH_QUEUE.md","root","2026-03-19T22:25:24","2478","plan"
"PHASE_1_COMPLETE_AND_LOCKED.md","PHASE_1_COMPLETE_AND_LOCKED.md","root","2026-01-01T12:13:23","12921","claim"
"PHASE_2_COUNTY_DATA_ROUTER.md","PHASE_2_COUNTY_DATA_ROUTER.md","root","2026-01-01T17:09:33","8790","unclassified"
"PHASE_2_IMPLEMENTATION_COMPLETE.md","PHASE_2_IMPLEMENTATION_COMPLETE.md","root","2026-01-01T17:09:33","7529","claim"
"PHASE_2C_PRIVILEGED_AUTHORITY_CLOSURE_REPORT.md","PHASE_2C_PRIVILEGED_AUTHORITY_CLOSURE_REPORT.md","root","2026-03-09T19:10:21","17046","audit"
"PHASE_3_COMPLETE.md","PHASE_3_COMPLETE.md","root","2026-01-04T18:54:36","8565","claim"
"PHASE_3E_B_BUILD_KICKOFF.md","PHASE_3E_B_BUILD_KICKOFF.md","root","2026-01-01T22:50:34","21692","unclassified"
"PHASE_4_COMPLETE.md","PHASE_4_COMPLETE.md","root","2026-01-04T19:06:50","18791","claim"
"PHASE_5_COMPLETE.md","PHASE_5_COMPLETE.md","root","2026-01-05T13:35:38","16896","claim"
"PILOT_TELEMETRY_WIRING_COMPLETE.md","PILOT_TELEMETRY_WIRING_COMPLETE.md","root","2026-01-01T14:58:10","9494","claim"
"PRODUCTION.md","PRODUCTION.md","root","2026-02-24T00:59:57","2071","unclassified"
"PRODUCTION_CHECKLIST.md","PRODUCTION_CHECKLIST.md","root","2026-02-25T23:22:11","5665","runbook"
"PRODUCTION_SIGNOFF_2026-02-24.md","PRODUCTION_SIGNOFF_2026-02-24.md","root","2026-03-04T21:34:55","3218","claim"
"PROOF_MODULE_METRICS_DECISION_CARD.md","PROOF_MODULE_METRICS_DECISION_CARD.md","root","2026-01-09T17:30:02","9178","unclassified"
"QUICK_REFERENCE.md","QUICK_REFERENCE.md","root","2025-12-30T19:47:46","11057","runbook"
"README.md","README.md","root","2026-03-04T18:12:18","1621","unclassified"
"README_SEEDING.md","README_SEEDING.md","root","2026-03-04T18:42:26","3158","unclassified"
"README_START_HERE.md","README_START_HERE.md","root","2026-03-04T18:09:28","2657","unclassified"
"READY_FOR_DEPLOYMENT.md","READY_FOR_DEPLOYMENT.md","root","2025-12-30T21:35:25","6184","claim"
"REQUESTER_VOCABULARY.md","REQUESTER_VOCABULARY.md","root","2025-12-28T17:53:51","3837","reference"
"SCOUT_AND_NAVS_LOCKED.md","SCOUT_AND_NAVS_LOCKED.md","root","2025-12-25T00:43:11","4770","claim"
"SCOUT_BEHAVIOR_COVERAGE_AUDIT.md","SCOUT_BEHAVIOR_COVERAGE_AUDIT.md","root","2026-02-24T23:01:38","2419","audit"
"SCOUT_BEHAVIOR_GAP_BACKLOG.md","SCOUT_BEHAVIOR_GAP_BACKLOG.md","root","2026-02-24T23:20:32","1757","plan"
"SCOUT_ENHANCEMENT_IMPLEMENTATION.md","SCOUT_ENHANCEMENT_IMPLEMENTATION.md","root","2026-02-22T00:17:06","9527","unclassified"
"SCOUT_FULL_SYSTEM_ARCHITECTURE.md","SCOUT_FULL_SYSTEM_ARCHITECTURE.md","root","2026-03-08T15:24:45","10515","reference"
"SCOUT_GOVERNOR_COMPLETE.md","SCOUT_GOVERNOR_COMPLETE.md","root","2025-12-30T12:37:30","13441","claim"
"SCOUT_HIERARCHY_LOCKED.md","SCOUT_HIERARCHY_LOCKED.md","root","2025-12-30T12:47:17","9588","claim"
"SCOUT_INTENT_COVERAGE.md","SCOUT_INTENT_COVERAGE.md","root","2026-02-25T18:23:30","9284","unclassified"
"SCOUT_INTERACTION_REQUIREMENTS.md","SCOUT_INTERACTION_REQUIREMENTS.md","root","2026-01-01T23:23:26","7343","unclassified"
"SCOUT_LOGGING_BACKEND_GUIDE.md","SCOUT_LOGGING_BACKEND_GUIDE.md","root","2026-01-01T23:23:26","12427","runbook"
"SCOUT_PERFORMANCE_NOTES.md","SCOUT_PERFORMANCE_NOTES.md","root","2025-12-27T23:29:32","7762","unclassified"
"SCOUT_PHASE_2_IMPLEMENTATION.md","SCOUT_PHASE_2_IMPLEMENTATION.md","root","2026-02-22T00:17:06","10908","unclassified"
"SCOUT_QUALITY_REPORT.md","SCOUT_QUALITY_REPORT.md","root","2026-03-03T18:46:05","3794","audit"
"SCOUT_READ_ORCHESTRATION_CHARTER.md","SCOUT_READ_ORCHESTRATION_CHARTER.md","root","2025-12-28T17:05:10","6221","reference"
"SCOUT_RECOMMENDATION_SCHEMA.md","SCOUT_RECOMMENDATION_SCHEMA.md","root","2025-12-30T19:42:54","20729","unclassified"
"SCOUT_STREAMING_DECISION.md","SCOUT_STREAMING_DECISION.md","root","2025-12-25T12:06:28","2786","unclassified"
"SCOUT_SYSTEM_BLIND_SPOTS.md","SCOUT_SYSTEM_BLIND_SPOTS.md","root","2026-02-25T18:26:01","2866","unclassified"
"SCOUT_TILES_VERIFICATION.md","SCOUT_TILES_VERIFICATION.md","root","2025-12-25T17:35:29","4631","unclassified"
"SCOUT_TOOL_LAYER.md","SCOUT_TOOL_LAYER.md","root","2025-12-27T23:17:36","6385","unclassified"
"SCOUT_VIOLATION_REPORT.md","SCOUT_VIOLATION_REPORT.md","root","2025-12-27T23:08:41","16823","audit"
"SCOUT_WELCOME_COPY_DECISION_CARD.md","SCOUT_WELCOME_COPY_DECISION_CARD.md","root","2026-01-09T17:30:02","5008","unclassified"
"SCOUTMODE_STATE_MACHINE_SPEC.md","SCOUTMODE_STATE_MACHINE_SPEC.md","root","2026-01-01T21:33:10","15559","reference"
"SECURITY.md","SECURITY.md","root","2026-03-04T08:56:08","1839","unclassified"
"server\cache\manual\local_guides\hvac_arizona.md","hvac_arizona.md","other","2025-12-04T16:03:02","1020","unclassified"
"server\cache\manual\local_guides\roofing_houston.md","roofing_houston.md","other","2025-12-04T16:03:02","819","unclassified"
"server\cache\manual\system_prompt.md","system_prompt.md","other","2026-02-28T18:50:42","21141","unclassified"
"server\cache\manual\system_prompt_enhanced.md","system_prompt_enhanced.md","other","2026-02-22T00:17:06","11114","unclassified"
"server\cache\manual\system_prompt_enhanced_v2.md","system_prompt_enhanced_v2.md","other","2026-02-22T00:17:06","13105","unclassified"
"server\cache\manual\system_prompt_enhanced_v3.md","system_prompt_enhanced_v3.md","other","2026-02-22T00:17:06","13114","unclassified"
"server\cache\manual\system_prompt_enhanced_v4.md","system_prompt_enhanced_v4.md","other","2026-02-22T00:17:06","11794","unclassified"
"server\cache\manual\system_prompt_enhanced_v5.md","system_prompt_enhanced_v5.md","other","2026-02-22T00:54:54","10028","unclassified"
"server\locations\README.md","README.md","other","2025-12-06T15:59:48","1459","unclassified"
"server\utils\SCOUT_INTEGRATION_GUIDE.md","SCOUT_INTEGRATION_GUIDE.md","other","2025-12-24T21:38:37","9578","runbook"
"services\README_LEGACY.md","README_LEGACY.md","other","2025-12-29T10:35:49","588","unclassified"
"SIDA_INTERNAL_DOCUMENTATION.md","SIDA_INTERNAL_DOCUMENTATION.md","root","2026-02-22T00:54:54","5198","unclassified"
"SIGNAL_TAXONOMY.md","SIGNAL_TAXONOMY.md","root","2026-03-19T22:25:36","3167","unclassified"
"SMOKE_TEST_MY_TRADESCOUT.md","SMOKE_TEST_MY_TRADESCOUT.md","root","2025-12-31T20:37:32","5804","unclassified"
"SNAPSHOT_MODEL_DESIGN.md","SNAPSHOT_MODEL_DESIGN.md","root","2026-01-01T03:03:38","11963","unclassified"
"SOCIAL_FEATURES_CHARTER.md","SOCIAL_FEATURES_CHARTER.md","root","2025-12-30T19:36:18","8604","reference"
"SOD_INTERNAL_DOCUMENTATION.md","SOD_INTERNAL_DOCUMENTATION.md","root","2026-02-22T00:54:54","7693","unclassified"
"STEP2_SCHEMA_SATURATION_COMPLETE.md","STEP2_SCHEMA_SATURATION_COMPLETE.md","root","2026-01-01T13:15:02","10590","claim"
"STEP3B_JURISDICTION_AWARE_ROUTING_COMPLETE.md","STEP3B_JURISDICTION_AWARE_ROUTING_COMPLETE.md","root","2026-01-01T14:47:23","15974","claim"
"SYSTEM_LOCKED.md","SYSTEM_LOCKED.md","root","2025-12-25T18:28:33","6341","claim"
"TEAM_COMMUNICATION_PHASE_3E_EXECUTION.md","TEAM_COMMUNICATION_PHASE_3E_EXECUTION.md","root","2026-01-01T23:08:09","4873","unclassified"
"TECHNICAL_OVERVIEW.md","TECHNICAL_OVERVIEW.md","root","2026-03-07T15:24:16","31324","unclassified"
"TELEMETRY_REVIEW_PHASE_3E_A1.md","TELEMETRY_REVIEW_PHASE_3E_A1.md","root","2026-01-01T22:42:57","4948","unclassified"
"TELEMETRY_SQL_QUERY_PACK.md","TELEMETRY_SQL_QUERY_PACK.md","root","2026-01-01T22:50:34","18366","unclassified"
"TEST_SKIP_BREAKDOWN.md","TEST_SKIP_BREAKDOWN.md","root","2026-02-25T21:55:11","3172","unclassified"
"tests\README.md","README.md","other","2026-01-02T00:28:05","9790","unclassified"
"THEME_LOCK_COMPLETE.md","THEME_LOCK_COMPLETE.md","root","2025-12-25T00:43:11","8925","claim"
"THEME_LOCK_IMPLEMENTATION.md","THEME_LOCK_IMPLEMENTATION.md","root","2025-12-25T00:43:11","5074","unclassified"
"THEME_QUICK_REFERENCE.md","THEME_QUICK_REFERENCE.md","root","2025-12-25T00:43:11","4104","runbook"
"THEME_SYSTEM.md","THEME_SYSTEM.md","root","2025-12-24T22:36:13","2734","unclassified"
"TRADESCOUT_FOR_ADMINS.md","TRADESCOUT_FOR_ADMINS.md","root","2025-12-30T15:32:28","13564","unclassified"
"TRADESCOUT_FOR_DUMMIES_2.0.md","TRADESCOUT_FOR_DUMMIES_2.0.md","root","2025-12-30T15:32:28","5283","unclassified"
"TRADESCOUT_FOUNDER_INPUT.md","TRADESCOUT_FOUNDER_INPUT.md","root","2026-03-18T19:34:36","9580","unclassified"
"TRADESCOUT_OS_ARCHITECTURE.md","TRADESCOUT_OS_ARCHITECTURE.md","root","2026-03-09T01:39:03","4910","reference"
"TRADESCOUT_OS_ENGINE_REGISTRY.md","TRADESCOUT_OS_ENGINE_REGISTRY.md","root","2026-03-08T17:30:30","2691","unclassified"
"UI_SURFACE_VIOLATION_REPORT.md","UI_SURFACE_VIOLATION_REPORT.md","root","2025-12-27T23:17:36","11313","audit"
"ui-surface-audit.md","ui-surface-audit.md","root","2026-03-04T18:07:16","4222","audit"
"UNIVERSAL_USER_TOUR_SPEC.md","UNIVERSAL_USER_TOUR_SPEC.md","root","2025-12-28T18:06:21","7196","reference"
"USER_SYSTEM_ENGINE_EXECUTION_CONTRACT.md","USER_SYSTEM_ENGINE_EXECUTION_CONTRACT.md","root","2026-03-08T17:36:31","9314","reference"
"USER_THEME_CUSTOMIZATION.md","USER_THEME_CUSTOMIZATION.md","root","2025-12-24T22:39:33","7668","unclassified"
"WATCHDOG_INTERNAL_DOCUMENTATION.md","WATCHDOG_INTERNAL_DOCUMENTATION.md","root","2026-02-22T00:54:54","6797","unclassified"
